cohort	sample	caller	gene1	gene2	label	reciprocal	break5prime	break3prime	cov	mitelman_rec	PS	tpm5prime	tpm3prime	tpmfusion	FTS5	FTS3	FTS	RS	ev_level	known	passCallFilt	passBL	passPS	passFTS	passRS	callerOverlap	karyo	mol
LL-100	K-562	AR	BCR	ABL1	BCR::ABL1	False	chr22:23290413:+	chr9:130854064:+	41	197	1.25	42.7794656485509	15.2481263697805	8.68296084945836	0.168724279835391	0.36283185840708	0.265778069121235	1.0	7	known	True	True	True	True	True	True		Y
LL-100	K-562	FC	BCR	ABL1	BCR::ABL1	False	chr22:23290413:+	chr9:130854064:+	176	197	1.25	42.7794656485509	15.2481263697805	37.2731977927969	0.465608465608466	0.709677419354839	0.587642942481652	1.0	7	known	True	True	True	True	True	True		Y
LL-100	K-562	AR	BCOR	RP13-126P21.2	BCOR::RP13-126P21.2	False	chrX:40097215:-	chrX:39843323:-	3	0	1.5	24.5664258179798	3.3884725266179	0.635338598740856	0.0252100840336134	0.157894736842105	0.0915524104378593	1.0	6	unknown	True	True	True	True	True	True		
LL-100	K-562	FC	BCOR	RP13-126P21.2	BCOR::RP13-126P21.2	False	chrX:40097215:-	chrX:39839280:-	9	0	1.5	24.5664258179798	3.3884725266179	1.90601579622257	0.072	0.36	0.216	1.0	6	unknown	True	True	True	True	True	True		
LL-100	K-562	FC	C16orf87	ORC6	C16orf87::ORC6	False	chr16:46824386:-	chr16:46693093:+	24	0	1.5	17.5777012318303	26.2606620812887	5.08270878992685	0.224299065420561	0.162162162162162	0.193230613791361	1.0	6	unknown	True	True	True	True	True	True		
LL-100	K-562	AR	CCDC26	ASAP1	CCDC26::ASAP1	False	chr8:129550815:-	chr8:130188183:-	4	0	1.75	2.3295748620498	18.4248193634848	0.847118131654474	0.266666666666667	0.043956043956044	0.155311355311355	1.0	6	unknown	True	True	True	True	True	True		
LL-100	K-562	FC	CCDC26	ASAP1	CCDC26::ASAP1	False	chr8:129574882:-	chr8:130188183:-	79	0	1.75	16.3070240343486	18.4248193634848	16.7305831001759	0.506410256410256	0.475903614457831	0.491156935434044	1.0	6	unknown	True	True	True	True	True	True		
LL-100	K-562	FC	NUP214	XKR3	NUP214::XKR3	False	chr9:131199015:+	chr22:16808083:-	23	2	1.25	185.942429898157	2.54135439496342	4.87092925701323	0.025527192008879	0.657142857142857	0.341335024575868	1.0	6	unknown	True	True	True	True	True	True		
LL-100	KASUMI-1	AR	RUNX1	RUNX1T1	RUNX1::RUNX1T1	False	chr21:34859474:-	chr8:92017363:-	192	86	3.0	196.251999496071	52.076697654977	46.2903979155351	0.190854870775348	0.470588235294118	0.330721553034733	1.0	7	known	True	True	True	True	True	True		Y
LL-100	KASUMI-1	FC	RUNX1	RUNX1T1	RUNX1::RUNX1T1	False	chr21:34859474:-	chr8:92017363:-	717	86	3.0	196.251999496071	52.076697654977	172.865704715826	0.468321358589157	0.768488745980707	0.618405052284932	1.0	7	known	True	True	True	True	True	True		Y
LL-100	KASUMI-1	AR	CHP1	FAM189A1	CHP1::FAM189A1	False	chr15:41270618:+	chr15:29381831:-	8	0	1.0	33.9945109692211	8.43835378668608	1.92876657981396	0.0536912751677852	0.186046511627907	0.119868893397846	1.0	6	unknown	True	True	True	True	True	True		
LL-100	KASUMI-1	FC	CHP1	FAM189A1	CHP1::FAM189A1	False	chr15:41270618:+	chr15:29381831:-	31	0	1.0	33.9945109692211	8.43835378668608	7.4739704967791	0.180232558139535	0.46969696969697	0.324964763918252	1.0	6	unknown	True	True	True	True	True	True		
LL-100	KASUMI-1	FC	RAB3GAP2	PAN3	RAB3GAP2::PAN3	False	chr1:220151298:-	chr13:28294634:+	11	0	1.5	14.7068451710815	10.1260245440233	2.6520540472442	0.152777777777778	0.207547169811321	0.180162473794549	1.0	6	unknown	True	True	True	True	True	True		
LL-100	NB-4	AR	RARA	PML	PML::RARA	True	chr17:40331396:+	chr15:74034478:+	91	59	1.25	27.9013480796866	44.361136155473	18.2663501816653	0.395652173913043	0.291666666666667	0.343659420289855	1.0	7	known	True	True	True	True	True	True		Y
LL-100	NB-4	FC	PML	RARA	PML::RARA	False	chr15:74033414:+	chr17:40348316:+	362	59	1.25	31.3137431685692	17.4634336901636	72.6639424809105	0.698841698841699	0.806236080178174	0.752538889509936	1.0	7	known	True	True	True	True	True	True		Y
LL-100	NB-4	AR	DNM2	ZNF25-DT	DNM2::ZNF25-DT	False	chr19:10718403:+	chr10:37980289:+	22	0	1.75	100.163832314846	2.20802035162988	4.41604070325975	0.0422264875239923	0.666666666666667	0.35444657709533	1.0	6	unknown	True	True	True	True	True	True		
LL-100	NB-4	FC	DNM2	ZNF25-DT	DNM2::ZNF25-DT	False	chr19:10718403:+	chr10:37980289:+	67	0	1.75	100.163832314846	2.20802035162988	13.4488512326547	0.118374558303887	0.858974358974359	0.488674458639123	1.0	6	unknown	True	True	True	True	True	True		
LL-100	NB-4	AR	HAGH	PCNT	HAGH::PCNT	False	chr16:1809238:-	chr21:46445284:+	13	0	1.0	8.63135228364406	38.5399915920851	2.60947859738076	0.232142857142857	0.0634146341463415	0.147778745644599	1.0	6	unknown	True	True	True	True	True	True		
LL-100	NB-4	FC	HAGH	PCNT	HAGH::PCNT	False	chr16:1809238:-	chr21:46445284:+	102	0	1.0	8.63135228364406	38.5399915920851	20.4743705332952	0.703448275862069	0.346938775510204	0.525193525686137	1.0	6	unknown	True	True	True	True	True	True		
LL-100	NB-4	AR	PPFIBP1	CCDC91	PPFIBP1::CCDC91	False	chr12:27578239:+	chr12:28450161:+	6	0	1.25	3.81385333463342	41.9523866809676	1.20437473725266	0.24	0.027906976744186	0.133953488372093	1.0	6	unknown	True	True	True	True	True	True		
LL-100	NB-4	FC	PPFIBP1	CCDC91	PPFIBP1::CCDC91	False	chr12:27578239:+	chr12:28450161:+	28	0	1.25	3.81385333463342	41.9523866809676	5.62041544051241	0.595744680851064	0.118143459915612	0.356944070383338	1.0	6	unknown	True	True	True	True	True	True		
LL-100	NB-4	AR	PVT1	CCDC26	PVT1::CCDC26	False	chr8:127794734:+	chr8:129680049:-	137	0	2.5	102.371852666476	19.470724918918	27.4998898339357	0.211746522411128	0.585470085470085	0.398608303940607	1.0	6	unknown	True	True	True	True	True	True		
LL-100	NB-4	FC	PVT1	CCDC26	PVT1::CCDC26	False	chr8:127794734:+	chr8:129680049:-	918	0	2.5	102.371852666476	19.470724918918	184.269334799657	0.642857142857143	0.904433497536946	0.773645320197044	1.0	6	unknown	True	True	True	True	True	True		
LL-100	NB-4	AR	PVT1	RP11-419K12.2	PVT1::RP11-419K12.2	False	chr8:127816884:+	chr8:129693675:-	9	0	2.0	7.4269775463914	13.4488512326547	1.80656210587899	0.195652173913043	0.118421052631579	0.157036613272311	1.0	6	unknown	True	True	True	True	True	True		
LL-100	NB-4	FC	PVT1	RP11-419K12.2	PVT1::RP11-419K12.2	False	chr8:127794734:+	chr8:129695602:-	182	0	2.0	102.371852666476	3.01093684313165	36.5327003633307	0.263005780346821	0.923857868020305	0.593431824183563	1.0	6	unknown	True	True	True	True	True	True		
LL-100	NB-4	AR	STX8	IDI2	STX8::IDI2	False	chr17:9545172:-	chr10:1025892:-	14	0	1.0	25.6933277280567	1.80656210587899	2.81020772025621	0.0985915492957746	0.608695652173913	0.353643600734844	1.0	6	unknown	True	True	True	True	True	True		
LL-100	NB-4	FC	STX8	IDI2	STX8::IDI2	False	chr17:9545172:-	chr10:1022775:-	50	0	1.0	25.6933277280567	4.81749894901064	10.0364561437722	0.280898876404494	0.675675675675676	0.478287276040085	1.0	6	unknown	True	True	True	True	True	True		
